1;2015-11-12 00:00:00;http://www.bhorowitz.com/high-output-management;Andy 
2;2015-09-29 00:00:00;http://www.bhorowitz.com/mediumanda16z;Medium
3;2015-07-17 00:00:00;http://www.bhorowitz.com/great_leaders_aren_t_born_but_they_re_not_made_either;Where Do Leaders Come From?
4;2015-06-19 00:00:00;http://www.bhorowitz.com/who_do_you_trust;Who Do You Trust?
5;2015-05-28 00:00:00;http://www.bhorowitz.com/some_career_advice_for_all_you_recent_graduates;Career Advice for Recent Graduates
6;2015-04-06 00:00:00;http://www.bhorowitz.com/little_things;Little Things
7;2015-03-16 00:00:00;http://www.bhorowitz.com/the_sad_truth_about_developing_executives;The Sad Truth About Developing Executives
8;2015-03-12 00:00:00;http://www.bhorowitz.com/the_past_and_future_of_systems_management;The Past and Future of Systems Management
9;2015-01-26 00:00:00;http://www.bhorowitz.com/learning_from_my_mistakes;Learning from My Mistakes
10;2014-11-13 00:00:00;http://www.bhorowitz.com/one_management_concept_from_how_to_manage_startups;One Management Concept
11;2014-11-06 00:00:00;http://www.bhorowitz.com/making_any_web_app_mobile_the_capriza;Making Any Web App Mobile: The Capriza Advantage
12;2014-11-05 00:00:00;http://www.bhorowitz.com/the_prophets_of_rage;The Prophets of Rage
13;2014-08-06 00:00:00;http://www.bhorowitz.com/the_new_foursquare;The New Foursquare
14;2014-07-22 00:00:00;http://www.bhorowitz.com/how_to_ruin_your_company_with_one_bad_process;How to Ruin Your Company with One Bad Process
15;2014-07-15 00:00:00;http://www.bhorowitz.com/do_you_feel_pressure_or_do_you_apply_pressure;Do You Feel Pressure or Do You Apply Pressure?
16;2014-07-11 00:00:00;http://www.bhorowitz.com/from_rap_genius_to_genius;From Rap Genius to Genius
17;2014-03-02 00:00:00;http://www.bhorowitz.com/the_legend_of_the_blind_mc;The Legend of The Blind MC
18;2014-02-25 00:00:00;http://www.bhorowitz.com/why_i_will_give_100_of_my_book_earnings_to_women_in_the_struggle;Why I Will Give 100% of My Book Earnings to Women in the Struggle
19;2014-02-06 00:00:00;http://www.bhorowitz.com/why_i_did_not_go_to_jail;Why I Did Not Go To Jail
20;2014-01-27 00:00:00;http://www.bhorowitz.com/estonia_the_little_country_that_cloud;Estonia: The Little Country That Cloud
21;2014-01-02 00:00:00;http://www.bhorowitz.com/can_do_vs_cant_do_cultures;Can Do vs. Can’t Do Cultures
22;2013-11-21 00:00:00;http://www.bhorowitz.com/the_shana_fisher_competitive_advantage;The Shana Fisher Competitive Advantage
23;2013-10-08 00:00:00;http://www.bhorowitz.com/cash_flow_and_destiny;Cash Flow and Destiny
24;2013-09-25 00:00:00;http://www.bhorowitz.com/shareholder_s_best_interests;Shareholder’s Best Interests
25;2013-08-12 00:00:00;http://www.bhorowitz.com/why_founders_fail_the_product_ceo_paradox;Why Founders Fail: The Product CEO Paradox
26;2013-07-16 00:00:00;http://www.bhorowitz.com/capital_market_climate_change;Capital Market Climate Change
27;2013-07-03 00:00:00;http://www.bhorowitz.com/shared_command;Shared Command
28;2013-05-30 00:00:00;http://www.bhorowitz.com/lars;Lars
29;2013-04-15 00:00:00;http://www.bhorowitz.com/through_the_looking_glass_hiring_sales_people;Through the Looking Glass: Hiring Sales People
30;2013-04-11 00:00:00;http://www.bhorowitz.com/ken_coleman;Ken Coleman
31;2013-03-04 00:00:00;http://www.bhorowitz.com/staying_great;Staying Great
32;2012-12-18 00:00:00;http://www.bhorowitz.com/programming_your_culture;Programming Your Culture
33;2012-12-05 00:00:00;http://www.bhorowitz.com/old_people;Old People
34;2012-12-04 00:00:00;http://www.bhorowitz.com/why_didn_t_i_do_this;Why Didn’t I Do This?
35;2012-10-17 00:00:00;http://www.bhorowitz.com/making_yourself_a_ceo;Making Yourself a CEO
36;2012-10-03 00:00:00;http://www.bhorowitz.com/why_andreessen_horowitz_is_investing_in_rap_genius;Why Andreessen Horowitz is Investing in Rap Genius
37;2012-09-26 00:00:00;http://www.bhorowitz.com/former_dc_mayor_adrian_fenty_joins_andreessen_horowitz_as_special_advisor;Former DC Mayor Adrian Fenty Joins Andreessen Horowitz as Special Advisor
38;2012-08-30 00:00:00;http://www.bhorowitz.com/one_on_one;One on One
39;2012-08-28 00:00:00;http://www.bhorowitz.com/revolution_at_the_edge;Revolution at the Edge
40;2012-08-18 00:00:00;http://www.bhorowitz.com/a_good_place_to_work;A Good Place to Work
41;2012-07-23 00:00:00;http://www.bhorowitz.com/vmware_buys_nicira_for_1_26b;VMware Buys Nicira for $1.26B
42;2012-06-15 00:00:00;http://www.bhorowitz.com/the_struggle;The Struggle
43;2012-05-18 00:00:00;http://www.bhorowitz.com/is_now_the_time_to_hire_mbas;Is Now the Time to Hire MBAs?
44;2012-04-27 00:00:00;http://www.bhorowitz.com/promoting_from_within;Promoting From Within
45;2012-04-25 00:00:00;http://www.bhorowitz.com/our_philanthropic_commitment;Our Philanthropic Commitment
46;2012-04-24 00:00:00;http://www.bhorowitz.com/demoting_a_loyal_friend;Demoting A Loyal Friend
47;2012-04-22 00:00:00;http://www.bhorowitz.com/instagram;Instagram
48;2012-03-08 00:00:00;http://www.bhorowitz.com/how_to_start_a_movement;How to Start a Movement
49;2012-02-29 00:00:00;http://www.bhorowitz.com/lies_that_losers_tell;Lies that Losers Tell
50;2012-02-05 00:00:00;http://www.bhorowitz.com/the_future_of_networking;The Future of Networking
51;2012-01-30 00:00:00;http://www.bhorowitz.com/why_has_andreessen_horowitz_raised_2_7b_in_3_years;Why Has Andreessen Horowitz Raised $2.7B in 3 Years?
52;2012-01-19 00:00:00;http://www.bhorowitz.com/the_freaky_friday_management_technique;The Freaky Friday Management Technique
53;2012-01-19 00:00:00;http://www.bhorowitz.com/management_debt;Management Debt
54;2011-11-13 00:00:00;http://www.bhorowitz.com/lead_bullets;Lead Bullets
55;2011-10-17 00:00:00;http://www.bhorowitz.com/the_new_possibilities;The New Possibilities
56;2011-10-08 00:00:00;http://www.bhorowitz.com/nobody_cares;Nobody Cares
57;2011-10-06 00:00:00;http://www.bhorowitz.com/management_quality_assurance;Management Quality Assurance
58;2011-09-20 00:00:00;http://www.bhorowitz.com/merging_glam_and_ning;Merging Glam and Ning
59;2011-08-24 00:00:00;http://www.bhorowitz.com/preparing_to_fire_an_executive;Preparing To Fire an Executive
60;2011-08-07 00:00:00;http://www.bhorowitz.com/the_fine_line_between_fear_and_courage;The Fine Line Between Fear and Courage  
61;2011-07-24 00:00:00;http://www.bhorowitz.com/meet_our_newest_portfolio_company_airbnb;Meet Our Newest Portfolio Company, Airbnb
62;2011-07-19 00:00:00;http://www.bhorowitz.com/when_employees_misinterpret_managers;When Employees Misinterpret Managers
63;2011-06-30 00:00:00;http://www.bhorowitz.com/meet_our_new_general_partner_jeff_jordan;Meet Our New General Partner, Jeff Jordan
64;2011-06-29 00:00:00;http://www.bhorowitz.com/meet_our_new_special_advisor_larry_summers;Meet Our New Special Advisor, Larry Summers
65;2011-06-28 00:00:00;http://www.bhorowitz.com/why_the_browser_matters;Why the Browser Matters
66;2011-06-26 00:00:00;http://www.bhorowitz.com/the_incredible_sinking_bubble_debating_the_tech_bubble_with_steve_blank_part_iii;The Incredible Sinking Bubble (Debating the Tech Bubble with Steve Blank: Part III)
67;2011-06-21 00:00:00;http://www.bhorowitz.com/lytro_and_the_magic_camera;Lytro and the Magic Camera
68;2011-06-17 00:00:00;http://www.bhorowitz.com/debating_the_tech_bubble_with_steve_blank_part_i;Debating the Tech Bubble with Steve Blank: Part I
69;2011-06-14 00:00:00;http://www.bhorowitz.com/debating_the_bubble_with_steve_blank;Debating the Bubble with Steve Blank
70;2011-05-17 00:00:00;http://www.bhorowitz.com/shoedazzle;ShoeDazzle
71;2011-05-09 00:00:00;http://www.bhorowitz.com/microsoft_buys_skype;Microsoft Buys Skype
72;2011-04-27 00:00:00;http://www.bhorowitz.com/the_ceo_s_ceo;The CEO's CEO
73;2011-04-14 00:00:00;http://www.bhorowitz.com/peacetime_ceo_wartime_ceo;Peacetime CEO/Wartime CEO
74;2011-04-06 00:00:00;http://www.bhorowitz.com/andreessen_horowitz_has_a_new_200mm_co_investment_fund;Andreessen Horowitz has a new $200mm Co-Investment Fund
75;2011-03-31 00:00:00;http://www.bhorowitz.com/what_s_the_most_difficult_ceo_skill_managing_your_own_psychology;What’s The Most Difficult CEO Skill? Managing Your Own Psychology
76;2011-03-24 00:00:00;http://www.bhorowitz.com/bubble_trouble_i_don_t_think_so;Bubble Trouble? I Don’t Think So
77;2011-03-16 00:00:00;http://www.bhorowitz.com/titles_and_promotions;Titles and Promotions
78;2011-03-01 00:00:00;http://www.bhorowitz.com/picking_a_general_partner;Picking a General Partner
79;2011-02-24 00:00:00;http://www.bhorowitz.com/tinyco_s_big_opportunity;TinyCo‘s Big Opportunity
80;2011-02-22 00:00:00;http://www.bhorowitz.com/is_it_ok_to_hire_people_from_your_friend_s_company;Is it OK to Hire People from Your Friend’s Company?
81;2011-01-19 00:00:00;http://www.bhorowitz.com/should_you_sell_your_company;Should You Sell Your Company?
82;2011-01-04 00:00:00;http://www.bhorowitz.com/when_smart_people_are_bad_employees;When Smart People are Bad Employees
83;2010-12-15 00:00:00;http://www.bhorowitz.com/ones_and_twos;Ones and Twos
84;2010-12-13 00:00:00;http://www.bhorowitz.com/gaurav_dhillon_2_0_and_his_all_new_integration_company;Gaurav Dhillon 2.0 and His All New Integration Company
85;2010-11-14 00:00:00;http://www.bhorowitz.com/meet_the_new_enterprise_customer_he_s_a_lot_like_the_old_enterprise_customer;Meet the New Enterprise Customer, He’s a Lot Like the Old Enterprise Customer
86;2010-11-03 00:00:00;http://www.bhorowitz.com/why_andreessen_horowitz_just_raised_650_000_000;Why Andreessen Horowitz Just Raised $650,000,000
87;2010-10-13 00:00:00;http://www.bhorowitz.com/hiring_executives_if_you_ve_never_done_the_job_how_do_you_hire_somebody_good;Hiring Executives: If You’ve Never Done the Job, How Do You Hire Somebody Good?
88;2010-10-08 00:00:00;http://www.bhorowitz.com/in_defense_of_standards_ethics_and_honest_financial_reporting_at_hewlett_packard;In Defense of Standards, Ethics, and Honest Financial Reporting at Hewlett-Packard
89;2010-10-06 00:00:00;http://www.bhorowitz.com/re_imagining_enterprise_applications_in_the_cloud;Re-imagining Enterprise Applications in the Cloud
90;2010-09-20 00:00:00;http://www.bhorowitz.com/the_right_way_to_lay_people_off;The Right Way to Lay People Off
91;2010-08-29 00:00:00;http://www.bhorowitz.com/the_right_kind_of_ambition;The Right Kind of Ambition
92;2010-08-23 00:00:00;http://www.bhorowitz.com/how_to_minimize_politics_in_your_company;How to Minimize Politics in Your Company
93;2010-08-02 00:00:00;http://www.bhorowitz.com/taking_the_mystery_out_of_scaling_a_company;Taking the Mystery out of Scaling a Company
94;2010-07-20 00:00:00;http://www.bhorowitz.com/no_credit_for_predicting_rain;No Credit for Predicting Rain
95;2010-07-13 00:00:00;http://www.bhorowitz.com/how_we_picked_our_first_cloud_investment;How We Picked Our First Cloud Investment
96;2010-07-02 00:00:00;http://www.bhorowitz.com/ceos_should_tell_it_like_it_is;CEOs Should Tell It Like It Is
97;2010-06-29 00:00:00;http://www.bhorowitz.com/why_andreessen_horowitz_invested_in_foursquare;Why Andreessen Horowitz Invested in Foursquare
98;2010-06-14 00:00:00;http://www.bhorowitz.com/second_startup_syndrome;Second Startup Syndrome
99;2010-05-30 00:00:00;http://www.bhorowitz.com/how_andreessen_horowitz_evaluates_ceos;How Andreessen Horowitz Evaluates CEOs
100;2010-05-14 00:00:00;http://www.bhorowitz.com/why_startups_should_train_their_people;Why Startups Should Train Their People
101;2010-05-05 00:00:00;http://www.bhorowitz.com/the_scale_anticipation_fallacy;The Scale Anticipation Fallacy
102;2010-04-28 00:00:00;http://www.bhorowitz.com/why_we_prefer_founding_ceos;Why We Prefer Founding CEOs
103;2010-04-21 00:00:00;http://www.bhorowitz.com/why_is_it_hard_to_bring_big_company_execs_into_little_companies;Why is it Hard to Bring Big Company Execs into Little Companies?
104;2010-04-13 00:00:00;http://www.bhorowitz.com/four_things_some_vcs_do_that_i_don_t_like;Four Things Some VCs Do That I Don't Like 
105;2010-04-06 00:00:00;http://www.bhorowitz.com/ron_conway_explained;Ron Conway Explained
106;2010-03-20 00:00:00;http://www.bhorowitz.com/revenge_of_the_fat_guy;Revenge of the Fat Guy
107;2010-03-17 00:00:00;http://www.bhorowitz.com/the_case_for_the_fat_startup;The Case for the Fat Startup
108;2010-03-14 00:00:00;http://www.bhorowitz.com/notes_on_leadership;Notes on Leadership
109;2010-03-01 00:00:00;http://www.bhorowitz.com/angels_vs_venture_capitalists;Angels vs. Venture Capitalists
110;2010-01-10 00:00:00;http://www.bhorowitz.com/does_getting_an_mba_make_someone_a_better_entrepreneur;Does getting an MBA make someone a better entrepreneur?
